{
    "0_start": [
        [
            1705536953.2882097,
            "forward_loss"
        ],
        [
            1705536953.8491554,
            "forward"
        ],
        [
            1705536953.8581848,
            "forward"
        ],
        [
            1705536953.864056,
            "forward"
        ],
        [
            1705536953.868154,
            "forward_loss"
        ],
        [
            1705536953.885649,
            "forward"
        ],
        [
            1705536953.8905935,
            "forward"
        ],
        [
            1705536953.893934,
            "forward"
        ]
    ],
    "0_end": [
        [
            1705536953.8170445,
            "forward_loss"
        ],
        [
            1705536953.8572116,
            "forward"
        ],
        [
            1705536953.8629777,
            "forward"
        ],
        [
            1705536953.8676355,
            "forward"
        ],
        [
            1705536953.8851643,
            "forward_loss"
        ],
        [
            1705536953.890112,
            "forward"
        ],
        [
            1705536953.8934598,
            "forward"
        ],
        [
            1705536953.8967803,
            "forward"
        ]
    ],
    "1_start": [
        [
            1705536953.8492575,
            "forward_loss"
        ],
        [
            1705536956.630215,
            "forward"
        ],
        [
            1705536956.6365712,
            "forward"
        ],
        [
            1705536956.6398385,
            "forward"
        ],
        [
            1705536956.6435828,
            "forward_loss"
        ],
        [
            1705536956.6655586,
            "forward"
        ],
        [
            1705536956.6704333,
            "forward"
        ],
        [
            1705536956.6737208,
            "forward"
        ]
    ],
    "1_end": [
        [
            1705536956.5947523,
            "forward_loss"
        ],
        [
            1705536956.6360624,
            "forward"
        ],
        [
            1705536956.6393738,
            "forward"
        ],
        [
            1705536956.6431193,
            "forward"
        ],
        [
            1705536956.6650734,
            "forward_loss"
        ],
        [
            1705536956.6699543,
            "forward"
        ],
        [
            1705536956.67324,
            "forward"
        ],
        [
            1705536956.6765027,
            "forward"
        ]
    ],
    "2_start": [
        [
            1705536956.63036,
            "forward_loss"
        ],
        [
            1705536961.1607342,
            "forward"
        ],
        [
            1705536961.1686356,
            "forward"
        ],
        [
            1705536961.1726348,
            "forward"
        ],
        [
            1705536961.1780257,
            "forward_loss"
        ],
        [
            1705536961.2002616,
            "forward"
        ],
        [
            1705536961.2050145,
            "forward"
        ],
        [
            1705536961.2082899,
            "forward"
        ]
    ],
    "2_end": [
        [
            1705536961.138104,
            "forward_loss"
        ],
        [
            1705536961.168073,
            "forward"
        ],
        [
            1705536961.1720238,
            "forward"
        ],
        [
            1705536961.177395,
            "forward"
        ],
        [
            1705536961.1997821,
            "forward_loss"
        ],
        [
            1705536961.2045345,
            "forward"
        ],
        [
            1705536961.2078128,
            "forward"
        ],
        [
            1705536961.2110763,
            "forward"
        ]
    ],
    "3_start": [
        [
            1705536961.1608775,
            "forward_loss"
        ]
    ],
    "3_end": [
        [
            1705536963.7987561,
            "forward_loss"
        ]
    ]
}