{
    "4_start": [
        [
            1705536953.28518,
            "forward"
        ],
        [
            1705536953.803543,
            "forward"
        ],
        [
            1705536953.810025,
            "forward_loss"
        ],
        [
            1705536954.4127386,
            "forward"
        ],
        [
            1705536954.755986,
            "forward"
        ],
        [
            1705536955.096899,
            "forward_loss"
        ],
        [
            1705536955.4322462,
            "forward"
        ],
        [
            1705536956.102674,
            "forward"
        ],
        [
            1705536956.1122434,
            "forward"
        ],
        [
            1705536956.1169472,
            "forward"
        ],
        [
            1705536956.120555,
            "forward"
        ],
        [
            1705536956.1255054,
            "forward"
        ]
    ],
    "4_end": [
        [
            1705536953.7986267,
            "forward"
        ],
        [
            1705536953.8090005,
            "forward"
        ],
        [
            1705536953.8678834,
            "forward_loss"
        ],
        [
            1705536954.4216397,
            "forward"
        ],
        [
            1705536954.7622752,
            "forward"
        ],
        [
            1705536955.1183412,
            "forward_loss"
        ],
        [
            1705536955.4367826,
            "forward"
        ],
        [
            1705536956.110712,
            "forward"
        ],
        [
            1705536956.1168864,
            "forward"
        ],
        [
            1705536956.1199026,
            "forward"
        ],
        [
            1705536956.1254077,
            "forward"
        ],
        [
            1705536956.1301305,
            "forward"
        ]
    ],
    "5_start": [
        [
            1705536953.8036525,
            "forward"
        ],
        [
            1705536956.1206386,
            "forward"
        ],
        [
            1705536956.127406,
            "forward_loss"
        ],
        [
            1705536956.1522982,
            "forward"
        ],
        [
            1705536956.1570377,
            "forward"
        ],
        [
            1705536956.1602767,
            "forward_loss"
        ],
        [
            1705536956.1829202,
            "forward"
        ],
        [
            1705536956.1875956,
            "forward"
        ],
        [
            1705536956.1917565,
            "forward"
        ],
        [
            1705536956.1949995,
            "forward"
        ],
        [
            1705536956.1982408,
            "forward"
        ],
        [
            1705536956.201584,
            "forward"
        ]
    ],
    "5_end": [
        [
            1705536956.1160815,
            "forward"
        ],
        [
            1705536956.1268942,
            "forward"
        ],
        [
            1705536956.1518137,
            "forward_loss"
        ],
        [
            1705536956.1565588,
            "forward"
        ],
        [
            1705536956.15981,
            "forward"
        ],
        [
            1705536956.1824574,
            "forward_loss"
        ],
        [
            1705536956.187134,
            "forward"
        ],
        [
            1705536956.1913035,
            "forward"
        ],
        [
            1705536956.1945431,
            "forward"
        ],
        [
            1705536956.1977835,
            "forward"
        ],
        [
            1705536956.2009828,
            "forward"
        ],
        [
            1705536956.6700368,
            "forward"
        ]
    ],
    "6_start": [
        [
            1705536956.1208646,
            "forward"
        ],
        [
            1705536961.091636,
            "forward"
        ],
        [
            1705536961.0969577,
            "forward_loss"
        ],
        [
            1705536961.7049103,
            "forward"
        ],
        [
            1705536962.0451875,
            "forward"
        ],
        [
            1705536962.3864546,
            "forward_loss"
        ],
        [
            1705536962.7205524,
            "forward"
        ],
        [
            1705536963.3897183,
            "forward"
        ],
        [
            1705536963.397479,
            "forward"
        ],
        [
            1705536963.4031324,
            "forward"
        ],
        [
            1705536963.4079852,
            "forward"
        ],
        [
            1705536963.4149947,
            "forward"
        ]
    ],
    "6_end": [
        [
            1705536961.086194,
            "forward"
        ],
        [
            1705536961.0959864,
            "forward"
        ],
        [
            1705536961.1673079,
            "forward_loss"
        ],
        [
            1705536961.7137885,
            "forward"
        ],
        [
            1705536962.0482268,
            "forward"
        ],
        [
            1705536962.420209,
            "forward_loss"
        ],
        [
            1705536962.7249684,
            "forward"
        ],
        [
            1705536963.3972592,
            "forward"
        ],
        [
            1705536963.4030323,
            "forward"
        ],
        [
            1705536963.4079065,
            "forward"
        ],
        [
            1705536963.414076,
            "forward"
        ],
        [
            1705536963.4210372,
            "forward"
        ]
    ],
    "7_start": [
        [
            1705536961.0917704,
            "forward"
        ],
        [
            1705536963.4051776,
            "forward"
        ],
        [
            1705536963.4114642,
            "forward_loss"
        ]
    ],
    "7_end": [
        [
            1705536963.4051523,
            "forward"
        ],
        [
            1705536963.4114497,
            "forward"
        ],
        [
            1705536963.4355829,
            "forward_loss"
        ]
    ]
}