{
    "0_start": [
        [
            1705436036.194131,
            "forward"
        ],
        [
            1705436036.7340157,
            "forward"
        ]
    ],
    "0_end": [
        [
            1705436036.7183008,
            "forward"
        ],
        [
            1705436036.7972832,
            "forward"
        ]
    ],
    "1_start": [
        [
            1705436036.7341108,
            "forward"
        ],
        [
            1705436037.4972184,
            "forward"
        ]
    ],
    "1_end": [
        [
            1705436037.49719,
            "forward"
        ],
        [
            1705436037.5476813,
            "forward"
        ]
    ]
}