{
    "2_start": [
        [
            1705436036.1936967,
            "forward"
        ],
        [
            1705436036.7610939,
            "forward"
        ],
        [
            1705436036.815649,
            "forward"
        ],
        [
            1705436036.8549745,
            "forward"
        ],
        [
            1705436036.8954163,
            "forward"
        ],
        [
            1705436036.937917,
            "forward"
        ]
    ],
    "2_end": [
        [
            1705436036.7553396,
            "forward"
        ],
        [
            1705436036.8151183,
            "forward"
        ],
        [
            1705436036.8544326,
            "forward"
        ],
        [
            1705436036.8948464,
            "forward"
        ],
        [
            1705436036.9373147,
            "forward"
        ],
        [
            1705436037.2627282,
            "forward"
        ]
    ],
    "3_start": [
        [
            1705436036.7611735,
            "forward"
        ],
        [
            1705436038.9933577,
            "forward"
        ],
        [
            1705436039.0376027,
            "forward"
        ],
        [
            1705436039.0500362,
            "forward"
        ],
        [
            1705436039.062182,
            "forward"
        ],
        [
            1705436039.1020968,
            "forward"
        ]
    ],
    "3_end": [
        [
            1705436038.9933288,
            "forward"
        ],
        [
            1705436039.0375726,
            "forward"
        ],
        [
            1705436039.0500088,
            "forward"
        ],
        [
            1705436039.0621545,
            "forward"
        ],
        [
            1705436039.1020665,
            "forward"
        ],
        [
            1705436039.4565291,
            "forward"
        ]
    ]
}