{
    "0_start": [
        [
            1702319147.847243,
            "forward"
        ],
        [
            1702319147.860435,
            "forward"
        ],
        [
            1702319147.879447,
            "forward"
        ],
        [
            1702319147.9041426,
            "forward"
        ],
        [
            1702319147.9348366,
            "forward"
        ],
        [
            1702319147.9693198,
            "forward"
        ],
        [
            1702319148.438348,
            "forward"
        ],
        [
            1702319148.594937,
            "forward"
        ],
        [
            1702319148.7258244,
            "forward"
        ]
    ],
    "0_end": [
        [
            1702319147.853494,
            "forward"
        ],
        [
            1702319147.8664625,
            "forward"
        ],
        [
            1702319147.8854592,
            "forward"
        ],
        [
            1702319147.9100173,
            "forward"
        ],
        [
            1702319147.9407191,
            "forward"
        ],
        [
            1702319147.9754484,
            "forward"
        ],
        [
            1702319148.447872,
            "forward"
        ],
        [
            1702319148.6051562,
            "forward"
        ],
        [
            1702319148.7360604,
            "forward"
        ]
    ],
    "1_start": [
        [
            1702319147.8539686,
            "forward"
        ],
        [
            1702319147.873144,
            "forward"
        ],
        [
            1702319147.8981907,
            "forward"
        ],
        [
            1702319147.9289737,
            "forward"
        ],
        [
            1702319147.9634185,
            "forward"
        ],
        [
            1702319148.4289653,
            "forward"
        ],
        [
            1702319148.5835862,
            "forward"
        ],
        [
            1702319148.714977,
            "forward"
        ],
        [
            1702319148.8773131,
            "forward"
        ]
    ],
    "1_end": [
        [
            1702319147.8601885,
            "forward"
        ],
        [
            1702319147.8792145,
            "forward"
        ],
        [
            1702319147.903834,
            "forward"
        ],
        [
            1702319147.9345555,
            "forward"
        ],
        [
            1702319147.96903,
            "forward"
        ],
        [
            1702319148.4380145,
            "forward"
        ],
        [
            1702319148.5942507,
            "forward"
        ],
        [
            1702319148.7254748,
            "forward"
        ],
        [
            1702319148.8885274,
            "forward"
        ]
    ],
    "2_start": [
        [
            1702319147.8667283,
            "forward"
        ],
        [
            1702319147.8920374,
            "forward"
        ],
        [
            1702319147.9230828,
            "forward"
        ],
        [
            1702319147.9576862,
            "forward"
        ],
        [
            1702319148.4201968,
            "forward"
        ],
        [
            1702319148.5705607,
            "forward"
        ],
        [
            1702319148.7030172,
            "forward"
        ],
        [
            1702319148.8654454,
            "forward"
        ],
        [
            1702319149.0109117,
            "forward"
        ]
    ],
    "2_end": [
        [
            1702319147.872945,
            "forward"
        ],
        [
            1702319147.8978167,
            "forward"
        ],
        [
            1702319147.9286835,
            "forward"
        ],
        [
            1702319147.9632497,
            "forward"
        ],
        [
            1702319148.428744,
            "forward"
        ],
        [
            1702319148.583119,
            "forward"
        ],
        [
            1702319148.7144837,
            "forward"
        ],
        [
            1702319148.876946,
            "forward"
        ],
        [
            1702319149.0232854,
            "forward"
        ]
    ],
    "3_start": [
        [
            1702319147.8856616,
            "forward"
        ],
        [
            1702319147.9170094,
            "forward"
        ],
        [
            1702319147.9518206,
            "forward"
        ],
        [
            1702319148.4124644,
            "forward"
        ],
        [
            1702319148.5569654,
            "forward"
        ],
        [
            1702319148.6905177,
            "forward"
        ],
        [
            1702319148.8532012,
            "forward"
        ],
        [
            1702319148.9976826,
            "forward"
        ],
        [
            1702319149.1394906,
            "forward"
        ]
    ],
    "3_end": [
        [
            1702319147.8918478,
            "forward"
        ],
        [
            1702319147.9227655,
            "forward"
        ],
        [
            1702319147.957377,
            "forward"
        ],
        [
            1702319148.4199824,
            "forward"
        ],
        [
            1702319148.5698202,
            "forward"
        ],
        [
            1702319148.7022362,
            "forward"
        ],
        [
            1702319148.8648767,
            "forward"
        ],
        [
            1702319149.010258,
            "forward"
        ],
        [
            1702319149.1535015,
            "forward"
        ]
    ],
    "4_start": [
        [
            1702319147.9103925,
            "forward"
        ],
        [
            1702319147.9457996,
            "forward"
        ],
        [
            1702319148.4065034,
            "forward"
        ],
        [
            1702319148.5468876,
            "forward"
        ],
        [
            1702319148.6794298,
            "forward"
        ],
        [
            1702319148.8422241,
            "forward"
        ],
        [
            1702319148.9872081,
            "forward"
        ],
        [
            1702319149.1262448,
            "forward"
        ],
        [
            1702319149.315267,
            "forward"
        ]
    ],
    "4_end": [
        [
            1702319147.9166892,
            "forward"
        ],
        [
            1702319147.951617,
            "forward"
        ],
        [
            1702319148.4122024,
            "forward"
        ],
        [
            1702319148.5565534,
            "forward"
        ],
        [
            1702319148.6899536,
            "forward"
        ],
        [
            1702319148.8527923,
            "forward"
        ],
        [
            1702319148.9972339,
            "forward"
        ],
        [
            1702319149.1389294,
            "forward"
        ],
        [
            1702319149.331039,
            "forward"
        ]
    ],
    "5_start": [
        [
            1702319147.9409392,
            "forward"
        ],
        [
            1702319148.4009132,
            "forward"
        ],
        [
            1702319148.5390031,
            "forward"
        ],
        [
            1702319148.6710453,
            "forward"
        ],
        [
            1702319148.833805,
            "forward"
        ],
        [
            1702319148.9767694,
            "forward"
        ],
        [
            1702319149.1157827,
            "forward"
        ],
        [
            1702319149.30389,
            "forward"
        ],
        [
            1702319149.4469614,
            "forward"
        ]
    ],