{
    "0_start": [
        [
            1702357340.4811609,
            "forward"
        ],
        [
            1702357340.5803554,
            "forward"
        ],
        [
            1702357340.630817,
            "forward"
        ],
        [
            1702357340.7264977,
            "forward"
        ],
        [
            1702357340.8172596,
            "forward"
        ],
        [
            1702357340.9125476,
            "forward"
        ],
        [
            1702357341.053258,
            "forward"
        ],
        [
            1702357341.2109437,
            "forward"
        ],
        [
            1702357341.3538117,
            "forward"
        ]
    ],
    "0_end": [
        [
            1702357340.4911754,
            "forward"
        ],
        [
            1702357340.5861256,
            "forward"
        ],
        [
            1702357340.6365607,
            "forward"
        ],
        [
            1702357340.7320907,
            "forward"
        ],
        [
            1702357340.8221872,
            "forward"
        ],
        [
            1702357340.9172657,
            "forward"
        ],
        [
            1702357341.059053,
            "forward"
        ],
        [
            1702357341.2202554,
            "forward"
        ],
        [
            1702357341.3636818,
            "forward"
        ]
    ],
    "1_start": [
        [
            1702357340.4917026,
            "forward"
        ],
        [
            1702357340.6249278,
            "forward"
        ],
        [
            1702357340.7210042,
            "forward"
        ],
        [
            1702357340.8123188,
            "forward"
        ],
        [
            1702357340.9078193,
            "forward"
        ],
        [
            1702357341.0474112,
            "forward"
        ],
        [
            1702357341.2008073,
            "forward"
        ],
        [
            1702357341.3431654,
            "forward"
        ],
        [
            1702357341.4941528,
            "forward"
        ]
    ],
    "1_end": [
        [
            1702357340.579922,
            "forward"
        ],
        [
            1702357340.6305077,
            "forward"
        ],
        [
            1702357340.7263095,
            "forward"
        ],
        [
            1702357340.8169744,
            "forward"
        ],
        [
            1702357340.9122686,
            "forward"
        ],
        [
            1702357341.052954,
            "forward"
        ],
        [
            1702357341.2104673,
            "forward"
        ],
        [
            1702357341.3533587,
            "forward"
        ],
        [
            1702357341.5044534,
            "forward"
        ]
    ],
    "2_start": [
        [
            1702357340.5870082,
            "forward"
        ],
        [
            1702357340.7151692,
            "forward"
        ],
        [
            1702357340.8075707,
            "forward"
        ],
        [
            1702357340.9031594,
            "forward"
        ],
        [
            1702357341.0419781,
            "forward"
        ],
        [
            1702357341.1910522,
            "forward"
        ],
        [
            1702357341.3318849,
            "forward"
        ],
        [
            1702357341.4837186,
            "forward"
        ],
        [
            1702357341.6772683,
            "forward"
        ]
    ],
    "2_end": [
        [
            1702357340.624434,
            "forward"
        ],
        [
            1702357340.7206776,
            "forward"
        ],
        [
            1702357340.8120227,
            "forward"
        ],
        [
            1702357340.9075315,
            "forward"
        ],
        [
            1702357341.0472136,
            "forward"
        ],
        [
            1702357341.2003636,
            "forward"
        ],
        [
            1702357341.342805,
            "forward"
        ],
        [
            1702357341.493692,
            "forward"
        ],
        [
            1702357341.6907701,
            "forward"
        ]
    ],
    "3_start": [
        [
            1702357340.6369376,
            "forward"
        ],
        [
            1702357340.8025506,
            "forward"
        ],
        [
            1702357340.898481,
            "forward"
        ],
        [
            1702357341.0371306,
            "forward"
        ],
        [
            1702357341.1815464,
            "forward"
        ],
        [
            1702357341.3233664,
            "forward"
        ],
        [
            1702357341.4731646,
            "forward"
        ],
        [
            1702357341.6616294,
            "forward"
        ],
        [
            1702357341.8043702,
            "forward"
        ]
    ],
    "3_end": [
        [
            1702357340.7148266,
            "forward"
        ],
        [
            1702357340.8072758,
            "forward"
        ],
        [
            1702357340.9029825,
            "forward"
        ],
        [
            1702357341.0416374,
            "forward"
        ],
        [
            1702357341.1907256,
            "forward"
        ],
        [
            1702357341.3315208,
            "forward"
        ],
        [
            1702357341.4834564,
            "forward"
        ],
        [
            1702357341.6767213,
            "forward"
        ],
        [
            1702357341.819423,
            "forward"
        ]
    ],
    "4_start": [
        [
            1702357340.7326326,
            "forward"
        ],
        [
            1702357340.8934894,
            "forward"
        ],
        [
            1702357341.0323658,
            "forward"
        ],
        [
            1702357341.1738894,
            "forward"
        ],
        [
            1702357341.3149202,
            "forward"
        ],
        [
            1702357341.4627852,
            "forward"
        ],
        [
            1702357341.6494257,
            "forward"
        ],
        [
            1702357341.79044,
            "forward"
        ],
        [
            1702357341.9466155,
            "forward"
        ]
    ],
    "4_end": [
        [
            1702357340.8020928,
            "forward"
        ],
        [
            1702357340.8981383,
            "forward"
        ],
        [
            1702357341.036747,
            "forward"
        ],
        [
            1702357341.181149,
            "forward"
        ],
        [
            1702357341.323015,
            "forward"
        ],
        [
            1702357341.472749,
            "forward"
        ],
        [
            1702357341.661061,
            "forward"
        ],
        [
            1702357341.8038943,
            "forward"
        ],
        [
            1702357341.9614885,
            "forward"
        ]
    ],
    "5_start": [
        [
            1702357340.8225477,
            "forward"
        ],
        [
            1702357341.0278504,
            "forward"
        ],
        [
            1702357341.16759,
            "forward"
        ],
        [
            1702357341.3072922,
            "forward"
        ],
        [
            1702357341.4547422,
            "forward"
        ],
        [
            1702357341.6408787,
            "forward"
        ],
        [
            1702357341.7783856,
            "forward"
        ],
        [
            1702357341.9346242,
            "forward"
        ],
        [
            1702357342.1217017,
            "forward"
        ]
    ],