{
    "loss": 5.77893296957016,
    "forward": 0.006085978150367737,
    "num_tasks": 200,
    "bubble_rate": 0.9361674520814699,
    "idleness": 0.08970541630558033,
    "response_time": 0.19068573474884032,
    "end2end_latency": 19.372246265411377,
    "throughput": 10.324047983898213
}