{
    "loss": 3.8153825759887696,
    "forward": 0.07079572078080205,
    "forward_grad": 0.09638251279884914,
    "backward": 0.10293172271388351,
    "num_tasks": 200,
    "bubble_rate": 0.028852979566870923,
    "idleness": 0.0036647126243563154,
    "response_time": 0.04302576094865799,
    "end2end_latency": 5.3815977573394775,
    "throughput": 37.163684284511596
}