{
    "loss": 4.276935245990753,
    "forward": 0.06339728355407714,
    "forward_grad": 0.0695350839850608,
    "backward": 0.08498747697037258,
    "num_tasks": 200,
    "bubble_rate": 0.07430132410510155,
    "idleness": 0.007037208855517803,
    "response_time": 0.038595040440559385,
    "end2end_latency": 4.616529226303101,
    "throughput": 43.32258937309041
}