{
    "loss": 4.562791435099438,
    "forward": 0.006172840766485225,
    "forward_grad": 0.18407517755535288,
    "backward": 0.30537249321161314,
    "num_tasks": 200,
    "bubble_rate": 0.7987544305508443,
    "idleness": 0.1794931027713238,
    "response_time": 0.20926701068878173,
    "end2end_latency": 34.64138913154602,
    "throughput": 5.7734405292041515
}