{
    "loss": 4.231555756989059,
    "forward": 0.006315980757866706,
    "forward_grad": 0.20643049114746667,
    "backward": 0.26753690456732726,
    "num_tasks": 200,
    "bubble_rate": 0.764244831302057,
    "idleness": 0.2169040810677313,
    "response_time": 0.21995655834674835,
    "end2end_latency": 34.44451022148132,
    "throughput": 5.806440524599766
}