{
    "loss": 2.9460332852602007,
    "forward": 0.1495073124913886,
    "forward_grad": 0.2057762128593278,
    "backward": 0.2508593515497475,
    "num_tasks": 200,
    "bubble_rate": 0.015098362291389613,
    "idleness": 0.0038963403701782226,
    "response_time": 0.08064492970705033,
    "end2end_latency": 9.726964473724365,
    "throughput": 20.561399246421
}