{
    "loss": 3.7419153559207916,
    "forward": 0.09679005110174194,
    "forward_grad": 0.0954893745391475,
    "backward": 0.10614096789070256,
    "num_tasks": 200,
    "bubble_rate": 0.018251814831636633,
    "idleness": 0.002789033141955405,
    "response_time": 0.04335942268371582,
    "end2end_latency": 5.600064516067505,
    "throughput": 35.71387426451376
}