{
    "loss": 4.58184442269868,
    "forward": 0.006167221135197423,
    "forward_grad": 0.14477940968104772,
    "backward": 0.42163231156089087,
    "num_tasks": 200,
    "bubble_rate": 0.7926012037450397,
    "idleness": 0.18532622757778372,
    "response_time": 0.21745285123586655,
    "end2end_latency": 35.71338105201721,
    "throughput": 5.600141854636957
}