{
    "loss": 4.487346264123917,
    "forward": 0.12439404177234634,
    "forward_grad": 0.13645365834236145,
    "backward": 0.12276869728451684,
    "num_tasks": 200,
    "bubble_rate": 0.024329005522271446,
    "idleness": 0.003336312610711624,
    "response_time": 0.09187919527292251,
    "end2end_latency": 10.546286344528198,
    "throughput": 18.964021406811828
}