{
    "loss": 4.233498684176198,
    "forward": 0.006297733400251482,
    "forward_grad": 0.19754909797453543,
    "backward": 0.31779956817626953,
    "num_tasks": 200,
    "bubble_rate": 0.7608545456360496,
    "idleness": 0.21559694467052337,
    "response_time": 0.21960522294044493,
    "end2end_latency": 34.22994780540466,
    "throughput": 5.842836837993117
}