{
    "loss": 3.9524477308988573,
    "forward": 0.20694752593538654,
    "forward_grad": 0.22662261041138462,
    "backward": 0.21847842235376339,
    "num_tasks": 200,
    "bubble_rate": 0.02557638675662982,
    "idleness": 0.006897831269782456,
    "response_time": 0.10484404742717743,
    "end2end_latency": 12.414981126785278,
    "throughput": 16.10956939503522
}