{
    "loss": 3.5100747126340868,
    "forward_grad": 0.12363997456858276,
    "backward": 0.13321064193293733,
    "num_tasks": 200,
    "bubble_rate": 0.027694212084565586,
    "idleness": 0.0025835445128291486,
    "response_time": 0.048393278419971465,
    "end2end_latency": 6.639082908630371,
    "throughput": 30.124642627977
}