{
    "loss": 3.2409590739011764,
    "forward": 0.13717665700133208,
    "forward_grad": 0.14718745500986813,
    "backward": 0.13911307415115498,
    "num_tasks": 200,
    "bubble_rate": 0.025135566092076827,
    "idleness": 0.005448336871165149,
    "response_time": 0.07180111169815064,
    "end2end_latency": 8.322673797607422,
    "throughput": 24.030738782228305
}