{
    "loss": 3.8647740757465363,
    "forward": 0.2068919599056244,
    "forward_grad": 0.22677965657464388,
    "backward": 0.23020322182599237,
    "num_tasks": 200,
    "bubble_rate": 0.022063466652991116,
    "idleness": 0.007457889192472629,
    "response_time": 0.10394109696149827,
    "end2end_latency": 11.772357702255249,
    "throughput": 16.988950307013326
}