{
    "loss": 3.518467487692833,
    "forward": 0.07553908308069189,
    "forward_grad": 0.09295619428157806,
    "backward": 0.07022958734761113,
    "num_tasks": 200,
    "bubble_rate": 0.02644307920320593,
    "idleness": 0.002486627885150565,
    "response_time": 0.0651206237077713,
    "end2end_latency": 7.424841642379761,
    "throughput": 26.936601429777745
}