{
    "loss": 4.062037327289581,
    "forward": 0.07014438688245594,
    "forward_grad": 0.08267823182022145,
    "backward": 0.07834051409338275,
    "num_tasks": 200,
    "bubble_rate": 0.04117621804895637,
    "idleness": 0.0039613059640290875,
    "response_time": 0.03980429530143738,
    "end2end_latency": 4.949441909790039,
    "throughput": 40.40859629131079
}