{
    "loss": 4.063176378836999,
    "forward": 0.007334349705622746,
    "forward_grad": 0.29847191367298365,
    "backward": 0.3901159953379977,
    "num_tasks": 200,
    "bubble_rate": 0.6507405719476447,
    "idleness": 0.4564373157514992,
    "response_time": 0.24286394208669662,
    "end2end_latency": 32.18025612831116,
    "throughput": 6.214990931164355
}