{
    "loss": 4.14120067852848,
    "forward": 0.006431612203705986,
    "forward_grad": 0.27871007717831037,
    "backward": 0.3642870077065059,
    "num_tasks": 200,
    "bubble_rate": 0.6979077131678083,
    "idleness": 0.29194675551520455,
    "response_time": 0.24000945657491685,
    "end2end_latency": 34.19882130622864,
    "throughput": 5.848154771450382
}