{
    "loss": 4.083166272082227,
    "forward": 0.007960257378030331,
    "forward_grad": 0.37527787932887624,
    "backward": 0.45849886045351135,
    "num_tasks": 200,
    "bubble_rate": 0.636548470604372,
    "idleness": 0.6057185887149646,
    "response_time": 0.24859690755605698,
    "end2end_latency": 31.950558185577393,
    "throughput": 6.259671547468638
}