{
    "loss": 2.8664675986766817,
    "forward_grad": 0.22428789192543705,
    "forward": 0.18792101763939673,
    "backward": 0.25291693366771184,
    "num_tasks": 200,
    "bubble_rate": 0.015369274083780093,
    "idleness": 0.003148597062177571,
    "response_time": 0.08424994796514511,
    "end2end_latency": 10.615739345550537,
    "throughput": 18.839950142881726
}