{
    "loss": 4.173237804352768,
    "forward": 0.0063843234317509205,
    "forward_grad": 0.2543732972578569,
    "backward": 0.3377222739733182,
    "num_tasks": 200,
    "bubble_rate": 0.7382751653442458,
    "idleness": 0.23650393807388612,
    "response_time": 0.21983785331249237,
    "end2end_latency": 33.264970779418945,
    "throughput": 6.012330548137445
}