{
    "loss": 3.1341294372081756,
    "forward": 0.13555061172794652,
    "forward_grad": 0.15734157223760345,
    "backward": 0.16520512750906538,
    "num_tasks": 200,
    "bubble_rate": 0.023843515874094744,
    "idleness": 0.005933877162017156,
    "response_time": 0.07123833358287811,
    "end2end_latency": 8.653070449829102,
    "throughput": 23.113182905375513
}