{
    "loss": 3.9321639823913572,
    "forward": 0.01022892951965332,
    "forward_grad": 0.397098998678216,
    "backward": 0.46411055036251914,
    "num_tasks": 200,
    "bubble_rate": 0.6083198745305555,
    "idleness": 1.140011387211936,
    "response_time": 0.2623645895719528,
    "end2end_latency": 32.28478670120239,
    "throughput": 6.1948682471100645
}