{
    "loss": 4.132165332416911,
    "forward": 0.006826752489739722,
    "forward_grad": 0.3160562550064421,
    "backward": 0.3889749866944772,
    "num_tasks": 200,
    "bubble_rate": 0.6893541909247568,
    "idleness": 0.3394189973182866,
    "response_time": 0.24987900763750076,
    "end2end_latency": 34.934468030929565,
    "throughput": 5.725004881222983
}