{
    "loss": 2.801543564200401,
    "forward_grad": 0.2543507012688581,
    "backward": 0.3104613525963528,
    "num_tasks": 200,
    "bubble_rate": 0.01473238337730032,
    "idleness": 0.0027114322386592267,
    "response_time": 0.09547372192144393,
    "end2end_latency": 11.455510139465332,
    "throughput": 17.458847101970676
}