{
    "loss": 3.580967301726341,
    "forward_grad": 0.10919905955232617,
    "forward": 0.07056094110012054,
    "backward": 0.11962769054016976,
    "num_tasks": 200,
    "bubble_rate": 0.022881067434517156,
    "idleness": 0.0025633462372316807,
    "response_time": 0.043551326990127565,
    "end2end_latency": 6.074785947799683,
    "throughput": 32.922970738160906
}