{
    "loss": 4.286900663375855,
    "forward": 0.0061794515699148175,
    "forward_grad": 0.18279269180799784,
    "backward": 0.2604737012282662,
    "num_tasks": 200,
    "bubble_rate": 0.781897155388556,
    "idleness": 0.20172819570931974,
    "response_time": 0.21575114130973816,
    "end2end_latency": 34.71847486495972,
    "throughput": 5.760621708698783
}