{
    "loss": 4.142179577980402,
    "forward": 0.006518633860462117,
    "forward_grad": 0.3110403110472004,
    "backward": 0.32065654747752936,
    "num_tasks": 200,
    "bubble_rate": 0.6960096709890778,
    "idleness": 0.2919281455627175,
    "response_time": 0.2401243406534195,
    "end2end_latency": 34.146058082580566,
    "throughput": 5.857191466034229
}