{
    "loss": 4.15889125585556,
    "forward": 0.14550877244848953,
    "forward_grad": 0.17146529396660895,
    "backward": 0.15919065475463867,
    "num_tasks": 200,
    "bubble_rate": 0.02750068077513295,
    "idleness": 0.005419650824063653,
    "response_time": 0.09287080824375153,
    "end2end_latency": 11.17297077178955,
    "throughput": 17.90034218159567
}