{
    "loss": 3.0273949378728866,
    "forward": 0.1482673687270925,
    "forward_grad": 0.1817131815583798,
    "backward": 0.2133641242980957,
    "num_tasks": 200,
    "bubble_rate": 0.014228273925149955,
    "idleness": 0.0035141615544335317,
    "response_time": 0.07286039501428604,
    "end2end_latency": 9.056140661239624,
    "throughput": 22.08446262942912
}