{
    "loss": 4.073543939223656,
    "forward": 0.007327917905954214,
    "forward_grad": 0.3023124652066891,
    "backward": 0.36318543682927673,
    "num_tasks": 200,
    "bubble_rate": 0.6490883730744792,
    "idleness": 0.46687839594754305,
    "response_time": 0.24725361794233322,
    "end2end_latency": 32.702720165252686,
    "throughput": 6.115699213685109
}