{
    "loss": 7.188276177644729,
    "forward": 0.0899638694524765,
    "num_tasks": 200,
    "bubble_rate": 0.02024895154453685,
    "idleness": 0.0018781044266440651,
    "response_time": 0.09182319283485413,
    "end2end_latency": 10.221962451934814,
    "throughput": 19.565714601323346
}