{
    "loss": 2.826011556982994,
    "forward_grad": 0.2407577618890534,
    "forward": 0.184139497244536,
    "backward": 0.2884316215515137,
    "num_tasks": 200,
    "bubble_rate": 0.0112840423846516,
    "idleness": 0.0024449762176064886,
    "response_time": 0.09208711355924606,
    "end2end_latency": 11.20076584815979,
    "throughput": 17.855921881704067
}