{
    "loss": 3.9388757944107056,
    "forward": 0.010126740932464599,
    "forward_grad": 0.38462370085680286,
    "backward": 0.4509169841880229,
    "num_tasks": 200,
    "bubble_rate": 0.6084801448423548,
    "idleness": 1.0252272231238229,
    "response_time": 0.2653714981675148,
    "end2end_latency": 32.61883306503296,
    "throughput": 6.131427191195195
}