{
    "loss": 4.63472781419754,
    "forward": 0.04523477554321289,
    "forward_grad": 0.043722865093185244,
    "backward": 0.04244460378374372,
    "num_tasks": 200,
    "bubble_rate": 0.09444012596998899,
    "idleness": 0.005608913261755633,
    "response_time": 0.03808461278676987,
    "end2end_latency": 4.383426904678345,
    "throughput": 45.62640243562496
}