{
    "loss": 3.8603853678703306,
    "forward": 0.07474382980141098,
    "forward_grad": 0.08286127434220425,
    "backward": 0.1005026781106297,
    "num_tasks": 200,
    "bubble_rate": 0.021604376845848143,
    "idleness": 0.002804016244822535,
    "response_time": 0.04234374850988388,
    "end2end_latency": 5.28704833984375,
    "throughput": 37.82829040785934
}