{
    "loss": 3.7543707489967346,
    "forward": 0.1850417384394893,
    "forward_grad": 0.2514786779715414,
    "backward": 0.2623285232706273,
    "num_tasks": 200,
    "bubble_rate": 0.019315852803366652,
    "idleness": 0.005641721910045993,
    "response_time": 0.10186195433139801,
    "end2end_latency": 12.80170464515686,
    "throughput": 15.622919411413228
}