{
    "forward_grad": 0.4291734388000087,
    "backward": 0.5241368674462842,
    "num_tasks": 200,
    "bubble_rate": 0.019285243808267353,
    "idleness": 0.026546744739308077,
    "response_time": 0.17550776064395904,
    "end2end_latency": 17.87411403656006,
    "throughput": 11.189365782881106
}