{
    "loss": 3.2779783242940903,
    "forward": 0.11199750339283662,
    "forward_grad": 0.13162434870196926,
    "backward": 0.11362568925066692,
    "num_tasks": 200,
    "bubble_rate": 0.031109702657133056,
    "idleness": 0.005224007494139887,
    "response_time": 0.06947778075933457,
    "end2end_latency": 7.9888832569122314,
    "throughput": 25.03478816353384
}