{
    "loss": 4.173046323258107,
    "forward": 0.006431616197420856,
    "forward_grad": 0.22753069964322176,
    "backward": 0.3545456206399288,
    "num_tasks": 200,
    "bubble_rate": 0.734838696361457,
    "idleness": 0.23766098470033722,
    "response_time": 0.22396783500909806,
    "end2end_latency": 33.71846032142639,
    "throughput": 5.931468936999773
}