{
    "loss": 3.54676422894001,
    "forward_grad": 0.12265118259253693,
    "forward": 0.10236469401588923,
    "backward": 0.13386150811223074,
    "num_tasks": 200,
    "bubble_rate": 0.020699381430002828,
    "idleness": 0.002422738877276033,
    "response_time": 0.0478417444229126,
    "end2end_latency": 6.542869806289673,
    "throughput": 30.567626427128296
}