{
    "loss": 4.082899735328999,
    "forward": 0.00807460571857209,
    "forward_grad": 0.3766714524232805,
    "backward": 0.46387248995020525,
    "num_tasks": 200,
    "bubble_rate": 0.6347688526187731,
    "idleness": 0.6218174119885458,
    "response_time": 0.2559196126461029,
    "end2end_latency": 32.77060675621033,
    "throughput": 6.103030117442002
}