{
    "loss": 5.77893296957016,
    "forward": 0.006008003950119019,
    "num_tasks": 200,
    "bubble_rate": 0.9369616876521848,
    "idleness": 0.08974791831107595,
    "response_time": 0.19061436533927917,
    "end2end_latency": 19.371419668197632,
    "throughput": 10.324488521011354
}