{
    "loss": 3.074360866546631,
    "forward": 0.1568857804322854,
    "forward_grad": 0.18573183772411753,
    "backward": 0.19154972082948032,
    "num_tasks": 200,
    "bubble_rate": 0.020592427350026296,
    "idleness": 0.005213140942561576,
    "response_time": 0.07563099920749665,
    "end2end_latency": 9.181578636169434,
    "throughput": 21.7827465107286
}