{
    "loss": 5.77893296957016,
    "forward": 0.032460372745990757,
    "num_tasks": 200,
    "bubble_rate": 0.10352073526898253,
    "idleness": 0.0037862161795298257,
    "response_time": 0.03620872676372528,
    "end2end_latency": 4.062793493270874,
    "throughput": 49.227212835517264
}