{
    "loss": 4.132231949449896,
    "forward": 0.006798099685501266,
    "forward_grad": 0.31271055144985227,
    "backward": 0.3934258953925291,
    "num_tasks": 200,
    "bubble_rate": 0.6831563086236454,
    "idleness": 0.34793278192862487,
    "response_time": 0.24828465908765793,
    "end2end_latency": 34.63950967788696,
    "throughput": 5.773753781730786
}