{
    "loss": 3.6629665541648864,
    "forward": 0.229006751017137,
    "forward_grad": 0.28052129056718617,
    "backward": 0.32466745927843743,
    "num_tasks": 200,
    "bubble_rate": 0.014407513348659393,
    "idleness": 0.004626484165404366,
    "response_time": 0.10797528088092805,
    "end2end_latency": 13.885997295379639,
    "throughput": 14.402998628449039
}