{
    "loss": 4.283197189122438,
    "forward": 0.006234817579388619,
    "forward_grad": 0.18295464076493917,
    "backward": 0.26111126360685927,
    "num_tasks": 200,
    "bubble_rate": 0.7813452930910646,
    "idleness": 0.20216912709310383,
    "response_time": 0.2160520100593567,
    "end2end_latency": 34.76588034629822,
    "throughput": 5.752766735886655
}