{
    "loss": 4.565828157663345,
    "forward": 0.06352505087852478,
    "num_tasks": 200,
    "bubble_rate": 0.03436309092476299,
    "idleness": 0.0022834325679624923,
    "response_time": 0.06578564912080764,
    "end2end_latency": 7.1299591064453125,
    "throughput": 28.0506517658993
}