{
    "forward_grad": 0.43245885876569107,
    "backward": 0.5249348491767304,
    "num_tasks": 200,
    "bubble_rate": 0.019976743164332744,
    "idleness": 0.027495608610265395,
    "response_time": 0.17548857033252716,
    "end2end_latency": 17.86690354347229,
    "throughput": 11.193881441928443
}