{
    "loss": 4.180327311754227,
    "forward": 0.06895670935372326,
    "forward_grad": 0.07331183331071837,
    "backward": 0.07868084104934542,
    "num_tasks": 200,
    "bubble_rate": 0.04654575588282647,
    "idleness": 0.0045848629161123105,
    "response_time": 0.04026280552148819,
    "end2end_latency": 4.80606484413147,
    "throughput": 41.614086885284856
}