{
    "0_start": [
        [
            1708334246.8990324,
            "forward"
        ],
        [
            1708334247.2443156,
            "forward"
        ],
        [
            1708334247.2511032,
            "forward"
        ],
        [
            1708334247.2546642,
            "forward"
        ],
        [
            1708334247.2570455,
            "forward"
        ],
        [
            1708334247.261615,
            "forward"
        ],
        [
            1708334247.3010461,
            "forward"
        ],
        [
            1708334247.3732293,
            "forward"
        ],
        [
            1708334247.4333925,
            "forward"
        ],
        [
            1708334247.7247562,
            "forward"
        ],
        [
            1708334247.8548617,
            "forward"
        ],
        [
            1708334247.916391,
            "forward"
        ],
        [
            1708334277.7644138,
            "forward"
        ],
        [
            1708334278.1953752,
            "forward"
        ],
        [
            1708334278.3954473,
            "forward"
        ],
        [
            1708334278.4123254,
            "forward"
        ],
        [
            1708334278.4754305,
            "forward"
        ],
        [
            1708334278.6349242,
            "forward"
        ],
        [
            1708334278.6785526,
            "forward"
        ],
        [
            1708334278.7158475,
            "forward"
        ],
        [
            1708334278.7219517,
            "forward"
        ],
        [
            1708334278.8982193,
            "forward"
        ],
        [
            1708334279.0020018,
            "forward"
        ],
        [
            1708334279.0977592,
            "forward"
        ],
        [
            1708334279.1615324,
            "forward"
        ]
    ],
    "0_end": [
        [
            1708334247.2424967,
            "forward"
        ],
        [
            1708334247.2465622,
            "forward"
        ],
        [
            1708334247.2544565,
            "forward"
        ],
        [
            1708334247.2568223,
            "forward"
        ],
        [
            1708334247.2614057,
            "forward"
        ],
        [
            1708334247.2636864,
            "forward"
        ],
        [
            1708334247.304374,
            "forward"
        ],
        [
            1708334247.3823292,
            "forward"
        ],
        [
            1708334247.4384553,
            "forward"
        ],
        [
            1708334247.7307405,
            "forward"
        ],
        [
            1708334247.8598623,
            "forward"
        ],
        [
            1708334247.9212322,
            "forward"
        ],
        [
            1708334277.7708316,
            "forward"
        ],
        [
            1708334278.20136,
            "forward"
        ],
        [
            1708334278.4027915,
            "forward"
        ],
        [
            1708334278.4194186,
            "forward"
        ],
        [
            1708334278.480626,
            "forward"
        ],
        [
            1708334278.639973,
            "forward"
        ],
        [
            1708334278.683671,
            "forward"
        ],
        [
            1708334278.721088,
            "forward"
        ],
        [
            1708334278.7301416,
            "forward"
        ],
        [
            1708334278.9034028,
            "forward"
        ],
        [
            1708334279.007109,
            "forward"
        ],
        [
            1708334279.102693,
            "forward"
        ],
        [
            1708334279.1676214,
            "forward"
        ]
    ],
    "1_start": [
        [
            1708334247.2439501,
            "forward"
        ],
        [
            1708334247.2999413,
            "forward"
        ],
        [
            1708334247.3077505,
            "forward"
        ],
        [
            1708334247.311302,
            "forward"
        ],
        [
            1708334247.3133032,
            "forward"
        ],
        [
            1708334247.3157582,
            "forward"
        ],
        [
            1708334247.317725,
            "forward"
        ],
        [
            1708334247.3827631,
            "forward"
        ],
        [
            1708334247.438711,
            "forward"
        ],
        [
            1708334247.73105,
            "forward"
        ],
        [
            1708334247.8601618,
            "forward"
        ],
        [
            1708334247.9215379,
            "forward"
        ],
        [
            1708334277.7713645,
            "forward"
        ],
        [
            1708334278.2016597,
            "forward"
        ],
        [
            1708334278.403096,
            "forward"
        ],
        [
            1708334278.4197893,
            "forward"
        ],
        [
            1708334278.4808917,
            "forward"
        ],
        [
            1708334278.6402898,
            "forward"
        ],
        [
            1708334278.683972,
            "forward"
        ],
        [
            1708334278.7214022,
            "forward"
        ],
        [
            1708334278.7305672,
            "forward"
        ],
        [
            1708334278.9037077,
            "forward"
        ],
        [
            1708334279.007434,
            "forward"
        ],
        [
            1708334279.1029956,
            "forward"
        ],
        [
            1708334279.1679502,
            "forward"
        ]
    ],
    "1_end": [
        [
            1708334247.2986164,
            "forward"
        ],
        [
            1708334247.3037899,
            "forward"
        ],
        [
            1708334247.3111901,
            "forward"
        ],
        [
            1708334247.3132057,
            "forward"
        ],
        [
            1708334247.315662,
            "forward"
        ],
        [
            1708334247.3176322,
            "forward"
        ],
        [
            1708334247.3195715,
            "forward"
        ],
        [
            1708334247.3885293,
            "forward"
        ],
        [
            1708334247.4449081,
            "forward"
        ],
        [
            1708334247.7369754,
            "forward"
        ],
        [
            1708334247.8648102,
            "forward"
        ],
        [
            1708334247.9263618,
            "forward"
        ],
        [
            1708334277.7772112,
            "forward"
        ],
        [
            1708334278.2082808,
            "forward"
        ],
        [
            1708334278.4112396,
            "forward"
        ],
        [
            1708334278.4274335,
            "forward"
        ],
        [
            1708334278.4855707,
            "forward"
        ],
        [
            1708334278.6449804,
            "forward"
        ],
        [
            1708334278.6886134,
            "forward"
        ],
        [
            1708334278.7291968,
            "forward"
        ],
        [
            1708334278.7383056,
            "forward"
        ],
        [
            1708334278.908441,
            "forward"
        ],
        [
            1708334279.0121515,
            "forward"
        ],
        [
            1708334279.1076708,
            "forward"
        ],
        [
            1708334279.173006,
            "forward"
        ]
    ],