{
    "0_start": [
        [
            1708333813.8822708,
            "forward"
        ],
        [
            1708333814.2215903,
            "forward"
        ],
        [
            1708333814.2281902,
            "forward"
        ],
        [
            1708333814.2313042,
            "forward"
        ],
        [
            1708333814.2336185,
            "forward"
        ],
        [
            1708333814.238539,
            "forward"
        ],
        [
            1708333814.2851827,
            "forward"
        ],
        [
            1708333814.3571434,
            "forward"
        ],
        [
            1708333814.4174306,
            "forward"
        ],
        [
            1708333814.7087946,
            "forward"
        ],
        [
            1708333814.8390431,
            "forward"
        ],
        [
            1708333814.9005618,
            "forward"
        ],
        [
            1708333845.0826757,
            "forward"
        ],
        [
            1708333845.513426,
            "forward"
        ],
        [
            1708333845.7134671,
            "forward"
        ],
        [
            1708333845.7299848,
            "forward"
        ],
        [
            1708333845.7933664,
            "forward"
        ],
        [
            1708333845.9528675,
            "forward"
        ],
        [
            1708333845.9964964,
            "forward"
        ],
        [
            1708333846.0338123,
            "forward"
        ],
        [
            1708333846.0399382,
            "forward"
        ],
        [
            1708333846.2163467,
            "forward"
        ],
        [
            1708333846.3201108,
            "forward"
        ],
        [
            1708333846.415897,
            "forward"
        ],
        [
            1708333846.4801083,
            "forward"
        ]
    ],
    "0_end": [
        [
            1708333814.219717,
            "forward"
        ],
        [
            1708333814.2238846,
            "forward"
        ],
        [
            1708333814.2310872,
            "forward"
        ],
        [
            1708333814.2333982,
            "forward"
        ],
        [
            1708333814.2383304,
            "forward"
        ],
        [
            1708333814.2405999,
            "forward"
        ],
        [
            1708333814.2893817,
            "forward"
        ],
        [
            1708333814.3625433,
            "forward"
        ],
        [
            1708333814.4248466,
            "forward"
        ],
        [
            1708333814.7146869,
            "forward"
        ],
        [
            1708333814.8440351,
            "forward"
        ],
        [
            1708333814.9053547,
            "forward"
        ],
        [
            1708333845.0890346,
            "forward"
        ],
        [
            1708333845.519471,
            "forward"
        ],
        [
            1708333845.7208333,
            "forward"
        ],
        [
            1708333845.7367165,
            "forward"
        ],
        [
            1708333845.7984755,
            "forward"
        ],
        [
            1708333845.957866,
            "forward"
        ],
        [
            1708333846.0014882,
            "forward"
        ],
        [
            1708333846.0390115,
            "forward"
        ],
        [
            1708333846.0478027,
            "forward"
        ],
        [
            1708333846.221457,
            "forward"
        ],
        [
            1708333846.3251488,
            "forward"
        ],
        [
            1708333846.420774,
            "forward"
        ],
        [
            1708333846.4854808,
            "forward"
        ]
    ],
    "1_start": [
        [
            1708333814.2211404,
            "forward"
        ],
        [
            1708333814.2761195,
            "forward"
        ],
        [
            1708333814.2837944,
            "forward"
        ],
        [
            1708333814.290159,
            "forward"
        ],
        [
            1708333814.29359,
            "forward"
        ],
        [
            1708333814.297733,
            "forward"
        ],
        [
            1708333814.3007348,
            "forward"
        ],
        [
            1708333814.3627415,
            "forward"
        ],
        [
            1708333814.4251595,
            "forward"
        ],
        [
            1708333814.7150054,
            "forward"
        ],
        [
            1708333814.844334,
            "forward"
        ],
        [
            1708333814.9056602,
            "forward"
        ],
        [
            1708333845.0895393,
            "forward"
        ],
        [
            1708333845.5197825,
            "forward"
        ],
        [
            1708333845.7211359,
            "forward"
        ],
        [
            1708333845.7372942,
            "forward"
        ],
        [
            1708333845.7987819,
            "forward"
        ],
        [
            1708333845.9581745,
            "forward"
        ],
        [
            1708333846.00178,
            "forward"
        ],
        [
            1708333846.0393398,
            "forward"
        ],
        [
            1708333846.0482087,
            "forward"
        ],
        [
            1708333846.221765,
            "forward"
        ],
        [
            1708333846.3254561,
            "forward"
        ],
        [
            1708333846.4210808,
            "forward"
        ],
        [
            1708333846.4857903,
            "forward"
        ]
    ],
    "1_end": [
        [
            1708333814.2748413,
            "forward"
        ],
        [
            1708333814.2782867,
            "forward"
        ],
        [
            1708333814.2899935,
            "forward"
        ],
        [
            1708333814.2934387,
            "forward"
        ],
        [
            1708333814.2975843,
            "forward"
        ],
        [
            1708333814.300645,
            "forward"
        ],
        [
            1708333814.302529,
            "forward"
        ],
        [
            1708333814.3679893,
            "forward"
        ],
        [
            1708333814.431383,
            "forward"
        ],
        [
            1708333814.7208297,
            "forward"
        ],
        [
            1708333814.8488827,
            "forward"
        ],
        [
            1708333814.9104006,
            "forward"
        ],
        [
            1708333845.0948687,
            "forward"
        ],
        [
            1708333845.5259945,
            "forward"
        ],
        [
            1708333845.7280734,
            "forward"
        ],
        [
            1708333845.7446547,
            "forward"
        ],
        [
            1708333845.8033085,
            "forward"
        ],
        [
            1708333845.9627452,
            "forward"
        ],
        [
            1708333846.0063274,
            "forward"
        ],
        [
            1708333846.046739,
            "forward"
        ],
        [
            1708333846.055742,
            "forward"
        ],
        [
            1708333846.2264214,
            "forward"
        ],
        [
            1708333846.33003,
            "forward"
        ],
        [
            1708333846.4256208,
            "forward"
        ],
        [
            1708333846.4905908,
            "forward"
        ]
    ],