{
    "4_start": [
        [
            1708333917.269223,
            "forward_grad"
        ],
        [
            1708333917.3393984,
            "forward_grad"
        ],
        [
            1708333917.4336236,
            "forward_grad"
        ],
        [
            1708333917.4417815,
            "forward_grad"
        ],
        [
            1708333917.542182,
            "forward_grad"
        ],
        [
            1708333917.6060162,
            "backward"
        ],
        [
            1708333917.6181595,
            "forward_grad"
        ],
        [
            1708333917.7116027,
            "forward_grad"
        ],
        [
            1708333917.7897038,
            "forward_grad"
        ],
        [
            1708333917.8330646,
            "forward_grad"
        ],
        [
            1708333918.1511376,
            "forward_grad"
        ],
        [
            1708333918.2031584,
            "backward"
        ],
        [
            1708333918.2547948,
            "forward_grad"
        ],
        [
            1708333918.2711344,
            "forward_grad"
        ],
        [
            1708333918.2820818,
            "forward_grad"
        ],
        [
            1708333918.3033595,
            "backward"
        ],
        [
            1708333918.3117456,
            "forward_grad"
        ],
        [
            1708333918.3310175,
            "forward_grad"
        ],
        [
            1708333918.3478837,
            "forward_grad"
        ],
        [
            1708333918.4113326,
            "backward"
        ],
        [
            1708333918.4901052,
            "forward_grad"
        ],
        [
            1708333918.5015252,
            "forward_grad"
        ],
        [
            1708333918.5731533,
            "backward"
        ],
        [
            1708333918.8981576,
            "forward_grad"
        ],
        [
            1708333925.0380561,
            "backward"
        ]
    ],
    "4_end": [
        [
            1708333917.3375454,
            "forward_grad"
        ],
        [
            1708333917.3523223,
            "forward_grad"
        ],
        [
            1708333917.4387984,
            "forward_grad"
        ],
        [
            1708333917.4541707,
            "forward_grad"
        ],
        [
            1708333917.5515876,
            "forward_grad"
        ],
        [
            1708333917.6138783,
            "backward"
        ],
        [
            1708333917.7092052,
            "forward_grad"
        ],
        [
            1708333917.723988,
            "forward_grad"
        ],
        [
            1708333917.7966049,
            "forward_grad"
        ],
        [
            1708333917.8390794,
            "forward_grad"
        ],
        [
            1708333918.1575756,
            "forward_grad"
        ],
        [
            1708333918.2189527,
            "backward"
        ],
        [
            1708333918.2604132,
            "forward_grad"
        ],
        [
            1708333918.2800536,
            "forward_grad"
        ],
        [
            1708333918.2903943,
            "forward_grad"
        ],
        [
            1708333918.3080924,
            "backward"
        ],
        [
            1708333918.3210616,
            "forward_grad"
        ],
        [
            1708333918.339897,
            "forward_grad"
        ],
        [
            1708333918.3644512,
            "forward_grad"
        ],
        [
            1708333918.4170327,
            "backward"
        ],
        [
            1708333918.5008657,
            "forward_grad"
        ],
        [
            1708333918.5130002,
            "forward_grad"
        ],
        [
            1708333918.5817647,
            "backward"
        ],
        [
            1708333919.9333255,
            "forward_grad"
        ],
        [
            1708333925.4198833,
            "backward"
        ]
    ],
    "5_start": [
        [
            1708333917.3389816,
            "forward_grad"
        ],
        [
            1708333917.4034963,
            "forward_grad"
        ],
        [
            1708333917.4391298,
            "forward_grad"
        ],
        [
            1708333917.456085,
            "forward_grad"
        ],
        [
            1708333917.551859,
            "forward_grad"
        ],
        [
            1708333917.590336,
            "backward"
        ],
        [
            1708333917.711224,
            "forward_grad"
        ],
        [
            1708333917.7347264,
            "forward_grad"
        ],
        [
            1708333917.7968645,
            "forward_grad"
        ],
        [
            1708333917.8393488,
            "forward_grad"
        ],
        [
            1708333917.8687701,
            "backward"
        ],
        [
            1708333918.1578774,
            "forward_grad"
        ],
        [
            1708333918.1975513,
            "backward"
        ],
        [
            1708333918.2607105,
            "forward_grad"
        ],
        [
            1708333918.2803411,
            "forward_grad"
        ],
        [
            1708333918.2907608,
            "forward_grad"
        ],
        [
            1708333918.2964406,
            "backward"
        ],
        [
            1708333918.3214898,
            "forward_grad"
        ],
        [
            1708333918.340152,
            "forward_grad"
        ],
        [
            1708333918.3647566,
            "forward_grad"
        ],
        [
            1708333918.405829,
            "backward"
        ],
        [
            1708333918.5011709,
            "forward_grad"
        ],
        [
            1708333918.5170906,
            "forward_grad"
        ],
        [
            1708333918.5637069,
            "backward"
        ],
        [
            1708333919.9643989,
            "forward_grad"
        ],
        [
            1708333924.7532713,
            "backward"
        ]
    ],