{
    "4_start": [
        [
            1708333483.3562274,
            "forward_grad"
        ],
        [
            1708333483.4053707,
            "forward_grad"
        ],
        [
            1708333483.5246792,
            "forward_grad"
        ],
        [
            1708333483.5334706,
            "forward_grad"
        ],
        [
            1708333483.6332123,
            "forward_grad"
        ],
        [
            1708333483.6829157,
            "backward"
        ],
        [
            1708333483.7169657,
            "forward_grad"
        ],
        [
            1708333483.7963588,
            "forward_grad"
        ],
        [
            1708333483.8806448,
            "forward_grad"
        ],
        [
            1708333483.9241226,
            "forward_grad"
        ],
        [
            1708333483.9458933,
            "backward"
        ],
        [
            1708333484.2423267,
            "forward_grad"
        ],
        [
            1708333484.2976308,
            "backward"
        ],
        [
            1708333484.3460407,
            "forward_grad"
        ],
        [
            1708333484.362311,
            "forward_grad"
        ],
        [
            1708333484.373814,
            "forward_grad"
        ],
        [
            1708333484.3989937,
            "backward"
        ],
        [
            1708333484.4027712,
            "forward_grad"
        ],
        [
            1708333484.4224691,
            "forward_grad"
        ],
        [
            1708333484.4389186,
            "forward_grad"
        ],
        [
            1708333484.5073142,
            "backward"
        ],
        [
            1708333484.5812757,
            "forward_grad"
        ],
        [
            1708333484.593674,
            "forward_grad"
        ],
        [
            1708333484.667496,
            "backward"
        ],
        [
            1708333484.989201,
            "forward_grad"
        ],
        [
            1708333491.727995,
            "backward"
        ]
    ],
    "4_end": [
        [
            1708333483.40354,
            "forward_grad"
        ],
        [
            1708333483.4186203,
            "forward_grad"
        ],
        [
            1708333483.532341,
            "forward_grad"
        ],
        [
            1708333483.554886,
            "forward_grad"
        ],
        [
            1708333483.6471205,
            "forward_grad"
        ],
        [
            1708333483.6905794,
            "backward"
        ],
        [
            1708333483.7946417,
            "forward_grad"
        ],
        [
            1708333483.8047101,
            "forward_grad"
        ],
        [
            1708333483.8879335,
            "forward_grad"
        ],
        [
            1708333483.9304996,
            "forward_grad"
        ],
        [
            1708333484.2487218,
            "forward_grad"
        ],
        [
            1708333484.3022325,
            "backward"
        ],
        [
            1708333484.35187,
            "forward_grad"
        ],
        [
            1708333484.3708267,
            "forward_grad"
        ],
        [
            1708333484.3836067,
            "forward_grad"
        ],
        [
            1708333484.405052,
            "backward"
        ],
        [
            1708333484.415021,
            "forward_grad"
        ],
        [
            1708333484.4343452,
            "forward_grad"
        ],
        [
            1708333484.4557748,
            "forward_grad"
        ],
        [
            1708333484.59291,
            "forward_grad"
        ],
        [
            1708333484.606421,
            "forward_grad"
        ],
        [
            1708333484.6762774,
            "backward"
        ],
        [
            1708333486.0806954,
            "forward_grad"
        ],
        [
            1708333492.1877475,
            "backward"
        ]
    ],
    "5_start": [
        [
            1708333483.404922,
            "forward_grad"
        ],
        [
            1708333483.4704888,
            "forward_grad"
        ],
        [
            1708333483.5327125,
            "forward_grad"
        ],
        [
            1708333483.5566654,
            "forward_grad"
        ],
        [
            1708333483.6474168,
            "forward_grad"
        ],
        [
            1708333483.666627,
            "backward"
        ],
        [
            1708333483.7958221,
            "forward_grad"
        ],
        [
            1708333483.8105342,
            "forward_grad"
        ],
        [
            1708333483.8882039,
            "forward_grad"
        ],
        [
            1708333483.930804,
            "forward_grad"
        ],
        [
            1708333483.939407,
            "backward"
        ],
        [
            1708333484.2490406,
            "forward_grad"
        ],
        [
            1708333484.290224,
            "backward"
        ],
        [
            1708333484.352195,
            "forward_grad"
        ],
        [
            1708333484.3712666,
            "forward_grad"
        ],
        [
            1708333484.3841834,
            "forward_grad"
        ],
        [
            1708333484.3922725,
            "backward"
        ],
        [
            1708333484.4153135,
            "forward_grad"
        ],
        [
            1708333484.4346719,
            "forward_grad"
        ],
        [
            1708333484.456109,
            "forward_grad"
        ],
        [
            1708333484.5017633,
            "backward"
        ],
        [
            1708333484.593232,
            "forward_grad"
        ],
        [
            1708333484.6110153,
            "forward_grad"
        ],
        [
            1708333484.6581771,
            "backward"
        ],
        [
            1708333486.11691,
            "forward_grad"
        ],
        [
            1708333491.2494564,
            "backward"
        ]
    ],